wid,config_key,page_show
"50","tencent_accessTokenUrl",1
"51","tencent_loginUrl",1
"52","tencent_newCountUrl",1
"53","tencent_clientId",1
"54","tencent_login_clientSecret",1
"46e9250177e3403e9d68ce61b4f2c3ff","casp_ioc_domin",1
"44","baidu_sdk_ak",0
"61","mailSendChannelId",1
"62","mailSendInstanceWid",1
"58","coreMail_host",1
"59","coreMail_port",1
"60","coreMail_loginUrl_prefix",1
"55","tencent_newCount_clientSecret",1
"979083623895728128","coreMail_req_method",1
"1039927041160712192","coreMail_urlScheme",1
"1024334575720235008","coreMail_loginUrl_prefix_mobile",1